Title,Description,Status,Priority,Project Title,Assignee,Reviewer,Start Date,End Date,Due Date
Discrete,Quis alias quasi maxime.,pending,medium,Bandwidth Monitored,Evelyne Casper,King Koepp,2020-10-06 00:00:00 UTC,2020-10-18 00:00:00 UTC,
Productivity,Ut et non id.,new,low,Bandwidth Monitored,Branden McClure,Alden Grimes,2020-10-05 00:00:00 UTC,2020-10-20 00:00:00 UTC,
Local,Accusantium est pariatur itaque.,pending,high,Bandwidth Monitored,Evelyne Casper,Mechelle Runolfsson,2020-10-15 00:00:00 UTC,2020-10-19 00:00:00 UTC,
Sharable,Aperiam aspernatur natus tenetur.,closed,high,Bandwidth Monitored,Andy Spencer,Levi Emard,2020-10-01 00:00:00 UTC,2020-10-18 00:00:00 UTC,
Conglomeration,Eaque consequatur recusandae rerum.,pending,medium,Bandwidth Monitored,Andy Spencer,Branden McClure,2020-10-09 00:00:00 UTC,2020-10-18 00:00:00 UTC,
Hardware,Est omnis ut consequatur.,started,low,Bandwidth Monitored,Levi Emard,Evelyne Casper,2020-10-09 00:00:00 UTC,2020-10-19 00:00:00 UTC,
Multi Layered,Corrupti recusandae voluptatem quis.,completed,high,Bandwidth Monitored,King Koepp,Mechelle Runolfsson,2020-10-06 00:00:00 UTC,2020-10-24 00:00:00 UTC,
National,Sit laboriosam sequi sint.,started,low,Bandwidth Monitored,Evelyne Casper,Andy Spencer,2020-10-06 00:00:00 UTC,2020-10-27 00:00:00 UTC,
Paradigm,Non aut voluptatem culpa.,new,high,Bandwidth Monitored,Cletus Cartwright,Cletus Cartwright,2020-10-12 00:00:00 UTC,2020-10-23 00:00:00 UTC,
Context Sensitive,Rem et accusamus nisi.,pending,low,Explicit,Alden Grimes,Andy Spencer,2020-10-05 00:00:00 UTC,2020-10-19 00:00:00 UTC,
